{
    "캐주얼": 0.004544020630419254,
    "시크": 0.0009602849022485316,
    "시티보이": 7.61071642045863e-05,
    "클래식": 9.116556043409219e-08,
    "걸리시": 0.9664179086685181,
    "미니멀": 0.004126191139221191,
    "레트로": 1.1533268661878537e-05,
    "로맨틱": 0.0008359936764463782,
    "스포티": 0.001740108011290431,
    "스트릿": 0.02113063633441925,
    "워크웨어": 3.2489874683960807e-06,
    "고프코어": 0.00015383456775452942
}