{
    "캐주얼": 0.004690667614340782,
    "시크": 0.00040446704952046275,
    "시티보이": 0.000978967291302979,
    "클래식": 3.048025791940745e-05,
    "걸리시": 0.4938223659992218,
    "미니멀": 0.0029642623849213123,
    "레트로": 0.0004069933493155986,
    "로맨틱": 0.4821256697177887,
    "스포티": 0.012322057038545609,
    "스트릿": 0.0009470742079429328,
    "워크웨어": 0.00031970266718417406,
    "고프코어": 0.0009872755035758018
}